Model Name,Test Loss,Test Accuracy
NN_Baseline,0.8729206919670105,0.8068526387214661
NN_Dropout,2.2267005443573,0.8179231882095337
NN_BatchNorm,0.09284757822751999,0.9847856760025024
