Model Name,Test Loss,Test Accuracy
Neural_Network_Baseline,0.2672768533229828,0.9375889301300049
Neural_Network_Dropout,3.262345790863037,0.7089492082595825
Neural_Network_Batch,0.08230090886354446,0.9848629832267761
